Description,Code,(thousand),Median,change,Mean,change,10,20,25,30,40,60,70,75,80,90
United Kingdom ,K02000001,"12,749",570.9,-0.7,679.9,-0.6,234.3,352.9,386.8,421.4,492.1,652.7,766.6,829.5,911.6,"1,201.60"
Great Britain,K03000001,"12,171",574.9,-0.2,684.6,-0.4,237.3,355.1,389.6,423,496.1,659.1,769.1,836.3,918.4,"1,207.40"
England and Wales,K04000001,"11,184",574.9,-0.4,687.2,-0.5,236.5,354.6,388.9,422.8,495.9,659.3,769.3,838.5,921.4,"1,217.00"
England,E92000001,"10,638",574.9,-0.8,692.5,-0.4,235.8,355.6,390.8,425.3,498.3,664.4,775.2,844.5,931.4,"1,230.40"
North East ,E12000001,446,510.8,-3.3,591.1,-1.5,253.5,342.4,370.5,398.7,456.8,576.9,675,728.4,783.4,995
Darlington ,E06000005,19,491.1,-11.4,576.9,-11.7,x,329.9,352.1,364.3,421.8,565.9,669.6,728.3,x,x
Hartlepool ,E06000001,14,564.6,2.3,592.1,-2.8,x,337.7,402.5,419.2,505.9,593.1,665.4,x,x,x
Middlesbrough ,E06000002,23,489.1,1.3,607.8,8,x,328.5,340.2,357.2,421.4,578.2,672.6,x,x,x
Redcar and Cleveland ,E06000003,20,478.5,-2.2,571.8,8.4,293.4,351.1,368.9,389.6,421.6,565.1,655.2,x,x,x
Stockton-on-Tees ,E06000004,38,558.4,-6.2,623.6,-2,x,376,402,432.3,491.5,644.9,739,766.4,810.9,x
County Durham ,E06000047,87,515.5,-7.2,595.9,-6.5,278.9,337.7,370.7,398.3,459.1,585.9,676.8,728.4,776,x
Northumberland ,E06000057,48,538.4,1.9,636.2,3.1,x,356.5,383,405.6,471.2,597.4,697.6,771.6,x,x
Tyne and Wear Met County,E11000007,198,498.3,-2,573.1,-0.5,230.7,341.3,369,395.7,455.2,555.6,651.5,708.7,766.6,972.5
  Gateshead,E08000037,37,483.2,-1.9,551.9,0,257.7,346.8,365.1,399.7,454.3,528.5,602.9,684.6,763.2,x
  Newcastle upon Tyne,E08000021,47,498.3,-5.6,586.7,-0.6,x,296.4,333.7,363,433.7,577,677.9,728.3,x,x
  North Tyneside,E08000022,38,552.6,-2.9,637.5,1.5,304.2,373.7,400.2,431.9,488,650.9,742,792.5,867.2,x
  South Tyneside,E08000023,25,529.6,2.5,588.1,3.4,245.9,359.4,382.9,404.5,475.1,575.4,658.1,702.6,x,x
  Sunderland,E08000024,52,472.9,0.6,520.6,-4.5,229.3,323.4,361.7,376.2,423.5,523.1,573.5,609.5,677.4,x
North West ,E12000002,"1,281",535.2,-1.9,624.9,-0.4,218.5,340.1,370.3,399.1,464,616.1,722.5,776.9,852.9,"1,097.20"
Blackburn with Darwen ,E06000008,29,444.4,-8.5,491.9,-8.2,x,315.9,335.2,350.1,388,502.6,573.6,614,654,x
Blackpool ,E06000009,20,395.8,-7,432,-6.7,x,248.8,288.7,321.3,359.1,441.6,486.5,507.6,x,x
Halton ,E06000006,23,573.7,7.3,674.6,11.5,x,370.9,392,427,484.5,650.3,770.6,x,x,x
Warrington ,E06000007,44,552.8,-12.9,633.7,-9,259.5,379.3,400,419.5,492.4,656.5,724.3,772.2,845.8,x
Cheshire East ,E06000049,73,596.4,-2.3,729.8,-0.2,232.3,368.1,415.7,450.2,517.5,701,830.3,917.7,"1,015.40",x
Cheshire West and Chester ,E06000050,70,601.2,-5.8,718.7,2,325.9,384.5,415,442.2,518.4,696.2,787.1,854.2,961.1,x
Cumbria,E10000006,106,576.1,0,646.3,1.4,245.6,359.2,387.1,429.4,526.8,672.9,766.7,836.8,910.3,"1,111.60"
  Allerdale,E07000026,25,623.4,5.5,688,5.7,x,360.2,376.9,405.3,530,731.3,842,909.3,x,x
  Barrow-in-Furness,E07000027,12,685.4,6.4,683.2,2.2,x,471.7,514.8,575.5,594.2,709.6,764.8,x,x,x
  Carlisle,E07000028,22,538.5,5.8,601.8,4.3,x,351.4,380.6,426.4,499.9,571.1,692,716.8,x,x
  Copeland,E07000029,13,827.1,31,810.4,19.2,x,x,374.9,493.4,x,"1,029.90",x,"1,107.40",x,x
  Eden,E07000030,11,563.6,-5.2,574.9,0.5,x,x,x,454.8,518.5,593.1,694.9,x,x,x
  South Lakeland,E07000031,24,536.5,-2.7,565.9,-15.4,x,325.9,372.8,383.9,446.5,580.9,613.3,666.1,x,x
Greater Manchester Met County,E11000001,467,519.3,-1.9,615.4,0.2,209.3,332.4,364.1,393,458.2,597.9,697.4,763.7,831,"1,085.40"
  Bolton,E08000001,48,481.4,-1.6,545.4,-3.4,197.6,321,353.6,394.1,434.6,564.9,634,678.4,748,x
  Bury,E08000002,31,577.6,-0.5,598.9,-6.8,x,348.8,392.7,407.2,525.8,627.5,711.2,761.8,805.1,x
  Manchester,E08000003,75,511.2,0.9,599.5,3.7,170.9,279.1,329.9,364.7,440.7,579.4,689.2,747.7,815.1,x
  Oldham,E08000004,37,473.4,-3.3,545.7,1.7,243.7,328.4,366.7,390.7,437.7,526,599.6,651.2,710.5,x
  Rochdale,E08000005,32,453.7,-5.3,532.4,-5,159.3,291.5,337.3,354.1,382.3,537.3,619.5,685.3,x,x
  Salford,E08000006,48,517.7,0.9,621.6,8.4,236.8,329.6,355.4,399.5,462.9,592.9,671.9,745.7,827.1,x
  Stockport,E08000007,58,577.2,-10.4,693.5,-3.8,211.3,345,376,405.7,506.4,674.8,766.6,837.5,930.6,x
  Tameside,E08000008,41,475.9,-4.7,532.8,-3.5,261.3,346.9,360.3,378.6,420.9,509.4,575.6,632.5,686.5,x
  Trafford,E08000009,43,583.9,-13.8,790,-0.4,x,319.1,382.9,420.7,498.6,745.3,918.5,990.7,"1,103.40",x
  Wigan,E08000010,54,574.9,9.8,642.6,5.5,263.2,368.1,405,439.7,498.3,654.6,775,807.9,853.5,x
Lancashire,E10000017,222,505.2,-6,594.7,-4.5,213.4,326.8,358.7,375.9,438.1,600.9,720.8,763.1,818,"1,015.90"
  Burnley,E07000117,14,492.4,-4.5,577.3,-4.3,x,343.4,368.3,389.8,424.4,537.8,x,x,x,x
  Chorley,E07000118,22,548.3,-5.4,611.9,-4.4,x,298.3,352.2,367,451.3,625,754.4,x,x,x
  Fylde,E07000119,15,616.4,0.4,713.8,-7.6,x,x,x,x,575.6,739.7,x,x,x,x
  Hyndburn,E07000120,14,496.9,3.7,558.6,-4.8,x,347.6,359.9,369.5,459.4,570.2,655.1,x,x,x
  Lancaster,E07000121,27,510.4,-1.9,603.4,-1.4,x,361.9,386.8,412,456.8,570.8,680.4,733.1,x,x
  Pendle,E07000122,17,450.5,-15.8,513.4,-9.6,x,286.8,301.7,340.6,380.9,517.1,591.8,649.6,x,x
  Preston,E07000123,30,460,-7,552.3,-1.5,220.4,312.1,329.2,357.9,415.5,574.9,682.5,732.4,763,x
  Ribble Valley,E07000124,13,676.4,9.2,704,-4.4,x,357.4,372.1,386.3,502.7,770.5,x,x,x,x
  Rossendale,E07000125,12,471.2,-0.3,562.7,-1.6,x,x,350.1,367.4,438.3,576.6,x,x,x,x
  South Ribble,E07000126,23,492.5,-11.9,581.8,-6.5,x,324.1,348,389.7,434.8,607.8,701.5,749.5,x,x
  West Lancashire,E07000127,17,529.2,-4.5,631.7,-4,x,327.7,359.8,387.4,441.8,671.1,743.6,x,x,x
  Wyre,E07000128,19,463.8,-0.2,572.7,-6.7,x,322.9,359.8,371.1,408.7,560.8,714.2,x,x,x
Merseyside Met County,E11000002,227,543.7,-0.4,628.9,1.9,207.6,340.8,374.7,405.4,470.4,634.5,730.1,790.6,879.7,"1,116.80"
  Knowsley,E08000011,21,515.9,1.8,569.1,-0.7,x,330.3,352.5,408.9,448.3,600.5,677.9,x,x,x
  Liverpool,E08000012,73,551.6,2.8,654.9,7.9,261.3,364.1,392.1,419.6,495.9,643,731.7,832.8,910.1,x
  St. Helens,E08000013,32,530.5,-8.7,597.5,-5.3,265.6,359.1,385.9,411.9,454.8,603.5,700.8,736.1,772.1,x
  Sefton,E08000014,42,501.5,-7,608.9,2,x,304.6,342.6,363.4,418.5,616.7,726.4,784.4,888.7,x
  Wirral,E08000015,59,564.9,2.4,649.2,-1.4,181.1,327.4,371.5,419.5,483.1,660.1,775.1,838.4,904.9,x
Yorkshire and The Humber ,E12000003,"1,040",525.4,-2.4,607.9,-1.9,217.7,338,367.3,397.2,455.8,591,691.3,748.6,808.8,"1,039.50"
East Riding of Yorkshire ,E06000011,72,546,-8.2,626.5,-12.2,194.9,337.1,367.1,395.3,467.1,634.6,734.5,788.5,867,x
Kingston upon Hull ,E06000010,52,467.1,-2.7,502.7,-1.6,219.5,333.8,358.1,378.6,414.9,526.7,595.8,619.5,665.5,x
North East Lincolnshire ,E06000012,31,574.9,-1.7,676,9.1,305.1,369.6,397.7,430.1,519,649.7,744.1,816,887,x
North Lincolnshire ,E06000013,32,519.1,-10.7,587.4,-8.2,236,342.3,368.9,398.9,450.7,591.7,690,750.2,819.5,x
York ,E06000014,40,489.4,-13.6,750.7,4.1,203.3,323.6,364.1,397.4,434.3,600.1,721.6,785.6,874,x
North Yorkshire,E10000023,122,512.8,-6.6,618,-5.3,181.2,309.7,350.6,383.3,440.2,583.6,699.6,754.7,812.6,x
  Craven,E07000163,9,478.1,0,483.1,-22,x,x,x,x,359,x,x,x,x,x
  Hambleton,E07000164,16,517.2,-6.9,598.2,-7.2,x,319.9,362.9,387.7,443.7,581,x,x,x,x
  Harrogate,E07000165,36,534.2,-6.3,695.8,-5.8,192.8,309.4,342.6,368.2,431,596.8,748.2,x,x,x
  Richmondshire,E07000166,8,460.7,-23.7,595,-11.5,x,x,379.1,393.4,437.2,582.2,x,x,x,x
  Ryedale,E07000167,9,512.1,-1.2,594.8,2.8,x,x,330.6,388.9,426.4,582.4,x,x,x,x
  Scarborough,E07000168,23,491.4,9.2,525.9,2.7,168.3,273.9,326.2,374.2,422,540.5,614.4,710.5,x,x
  Selby,E07000169,21,576.3,-0.6,674.8,-2,x,336.7,393.6,416.5,480.6,643.6,779.2,870.3,x,x
South Yorkshire Met County,E11000003,244,527.7,0.1,586,-2.6,218.9,337.2,363.4,395.7,457.5,591,686.9,743.3,787.9,"1,032.00"
  Barnsley,E08000016,42,500.5,-7.6,587.1,-3.9,233.7,346.2,364.2,392.6,450.9,574.9,687.8,731.7,782.4,x
  Doncaster,E08000017,55,575.6,9.4,633.7,7.5,288.8,361.5,411.1,454.5,517.3,624.8,709.7,758.7,858.9,x
  Rotherham,E08000018,46,503.2,-11,595.1,-8.3,228.7,333.8,364.1,388.5,432.7,584.5,686.3,743.3,784.4,x
  Sheffield,E08000019,101,517.7,0.9,555.2,-5.1,165.1,300.2,351.3,376.8,440.8,578.1,668.6,728.6,779.2,x
West Yorkshire Met County,E11000006,448,526.7,-0.7,610.3,0.5,223.5,344.5,371.7,401.8,459.2,591.8,695.7,755.6,814.5,"1,039.60"
  Bradford,E08000032,96,494.5,-1,597,2.5,182.3,313.2,350.1,375.5,432.7,562.4,652,709.9,776,x
  Calderdale,E08000033,37,503.6,-4,576,-2,x,323.9,357.6,394.1,449,571.2,686.7,746.4,839,x
  Kirklees,E08000034,90,517.4,-0.8,593.2,0.2,193.1,334.9,360.5,403.9,446.4,592.2,715.7,766.1,810.5,x
  Leeds,E08000035,166,569.4,3,649.8,1.7,257.8,363.7,390.9,425.4,498,636.3,748,792.4,875,"1,099.10"
  Wakefield,E08000036,59,481.6,-7.7,567.9,-3.5,249.2,347,369.3,397.3,440,542.4,591.8,635.7,713.9,x
East Midlands ,E12000004,922,555.8,1.3,644.1,0.9,246.4,352.6,383.3,415.1,484,632.4,743.5,797,865.2,"1,112.60"
Derby ,E06000015,46,574.9,0,662.9,-0.5,264.8,378.4,407.5,430.1,489.5,703.3,821.6,868.3,929.5,x
Leicester ,E06000016,53,446.5,1.3,521.4,4.6,200.2,293.4,338.6,354,402.4,525.3,578.6,620.9,688.6,x
Nottingham ,E06000018,46,469.1,4.9,551,6,192.1,307.5,328.1,351.9,387,536.1,601.8,673.8,785.4,x
Rutland ,E06000017,8,641.7,-2.3,684,-14.5,x,x,x,x,604.2,x,x,x,x,x
Derbyshire,E10000007,153,556,-0.4,647,-0.2,260.2,356.4,389.5,415.5,473.8,651.8,750.7,814.6,881.4,"1,129.10"
  Amber Valley,E07000032,25,538.2,-6.4,656.3,-6.2,x,321.8,360.6,397.7,438.6,655.7,836.3,942.3,x,x
  Bolsover,E07000033,16,475.1,-7.9,571.6,4.4,249.3,327,352.3,368.9,409.6,574.2,654.5,x,x,x
  Chesterfield,E07000034,18,480.1,-6.3,588.8,0,x,356.4,380,406.8,439.4,585.8,666,730,x,x
  Derbyshire Dales,E07000035,12,592.9,17.2,679.1,0.8,x,362.4,381.1,397,459.8,663.7,x,x,x,x
  Erewash,E07000036,22,566.7,-2.6,644,0.1,x,384.6,416.1,430.4,502.3,665.5,721.4,808,x,x
  High Peak,E07000037,17,557,0.3,649,5.2,x,382.8,420.6,448.7,488.6,600.8,714.2,x,x,x
  North East Derbyshire,E07000038,19,497.3,-18.5,587,-8.4,x,324.9,353.2,367.2,435.5,569.3,671.6,792,x,x
  South Derbyshire,E07000039,25,660.5,-0.5,763.4,5.6,x,430.7,482.1,508.6,586,778.5,862.6,953.6,x,x
Leicestershire,E10000018,137,582.4,-0.1,680.1,0.8,258.7,364.1,400,433.6,517.4,672.4,780,848.2,924,x
  Blaby,E07000129,20,646.7,8.5,709.5,6.4,x,396.5,421.6,437.3,530.2,767.1,876.4,918.1,x,x
  Charnwood,E07000130,37,562.4,-6,586.5,-10.5,x,324.3,364,400,468.7,610.2,685.4,739.4,796.6,x
  Harborough,E07000131,19,648.6,10.2,755.6,-5.6,x,307.6,368.9,427,508.5,741.7,906.1,x,x,x
  Hinckley and Bosworth,E07000132,23,584.7,2.5,672.9,3.5,325.1,392.6,428.7,462,551.7,658.1,779.1,851.8,x,x
  Melton,E07000133,x,535.6,8.6,614.4,11.2,x,x,x,373,491.1,x,x,x,x,x
  North West Leicestershire,E07000134,20,568,-9.8,717.7,2.4,x,369.7,384.7,449.5,520.2,635.8,756.4,x,x,x
  Oadby and Wigston,E07000135,13,702,27,776.7,20.6,348,385.1,415.3,442.8,560.7,766.7,x,x,x,x
Lincolnshire,E10000019,145,536.6,3.2,599.5,2,222.3,333.9,374,412,474.2,612.9,686.7,754.7,803.4,x
  Boston,E07000136,15,402.8,-6.9,475.7,2.5,x,289.9,302.7,313.2,347.2,459.9,505.9,587.4,x,x
  East Lindsey,E07000137,20,513.9,3.2,527.4,-0.1,x,332.6,370.5,394.5,448.1,568.1,604.2,634.7,x,x
  Lincoln,E07000138,22,507.5,-2.5,548.5,-0.5,174.5,269.1,304.6,338.1,421.8,621.7,666.9,700.2,x,x
  North Kesteven,E07000139,22,621.1,15.8,667.8,5.1,x,397.7,438.4,478.5,536.1,713.5,766.6,818.4,x,x
  South Holland,E07000140,18,576.1,9,641.5,7.9,282.4,404.8,422.8,460.6,513.8,613.5,671.4,x,x,x
  South Kesteven,E07000141,26,535,-1.2,637.2,0.7,x,328.2,382,429.4,473.6,612.1,718.9,x,x,x
  West Lindsey,E07000142,22,577.3,4.8,655.2,1.2,300.6,394.3,434.1,467.1,529,658,763.6,855.4,x,x
Northamptonshire,E10000021,171,565.1,-2.4,672.8,1.6,264.1,360.5,399.7,430.6,498.3,647.1,757,815.1,897.1,x
  Corby,E07000150,20,505,-5.7,591.4,7.3,284.6,339.2,360.4,397.4,440.6,567.4,631.7,671.8,x,x
  Daventry,E07000151,23,574.9,-6.2,683.6,-6.5,x,326.7,361.3,395.9,479.4,678.5,779.9,x,x,x
  East Northamptonshire,E07000152,25,565.3,-1.7,703.8,4.2,300.6,386.4,405,440.1,517.1,706.2,782,820.2,x,x
  Kettering,E07000153,21,598.1,4.2,707.5,10.2,x,423.8,453.3,486.5,536.1,689.2,786.4,x,x,x
  Northampton,E07000154,45,549.8,-6.1,662,1.5,284.3,385.2,401.4,421.6,490.7,648.5,762.6,856.9,895,x
  South Northamptonshire,E07000155,23,596.1,-7,721.8,-3.6,x,x,401.7,485.1,548.2,709.7,x,x,x,x
  Wellingborough,E07000156,15,491.2,-5.7,623,0.1,280.3,356.7,380.1,400.5,476.5,567.7,624.9,x,x,x
Nottinghamshire,E10000024,163,575.8,1.4,679.6,-1.2,265.8,370.9,403.4,430.4,501.7,662.2,767,820.7,893.3,"1,219.20"
  Ashfield,E07000170,26,533.9,2.8,597.1,5.2,279,368,390.3,413,460.6,589.7,678,749.7,x,x
  Bassetlaw,E07000171,24,549.1,-3.3,598.1,-0.3,x,354.7,390.7,420.2,492.4,647.5,725.3,785.8,x,x
  Broxtowe,E07000172,25,612,-0.1,815,8.4,x,465.7,491.3,502.4,561.5,727.1,x,x,x,x
  Gedling,E07000173,22,586.2,1.3,661.2,-1.7,x,358.4,397.4,427.9,506.7,722.3,768.7,832.9,x,x
  Mansfield,E07000174,17,472.3,-1.4,504.8,-3.8,x,331.6,352.4,375.2,432.6,531.9,590.1,679,x,x
  Newark and Sherwood,E07000175,21,560.4,5.2,691.6,0.3,x,372.7,385.5,408.1,506.7,612,743.2,x,x,x
  Rushcliffe,E07000176,29,682.1,-2.8,807.7,-14,280.2,372.2,416.7,460,544.9,787.3,959,"1,066.00",x,x
West Midlands ,E12000005,"1,070",538.3,-0.9,633.6,0.9,240.8,351.9,379.6,406.9,469.3,613.3,715.8,772.8,844.2,"1,084.80"
Herefordshire ,E06000019,37,514.4,-0.6,606.7,0.8,181.2,307.1,357.7,389.5,443.9,589.6,664.6,679.8,x,x
Stoke-on-Trent ,E06000021,49,521,1.7,620.7,7.5,274.9,362,382.7,410.1,459.7,569.9,658.2,717.9,775.2,x
Telford and Wrekin ,E06000020,41,512,-7.4,601.9,1.1,247.1,353.3,372,411,456.5,586.6,708.1,769.5,852.8,x
Shropshire ,E06000051,65,519.3,-1.1,625.5,-1.7,188,288.5,346.1,380.8,438.6,575.2,689.5,723.8,808.7,x
Staffordshire,E10000028,176,567.1,-1.4,639.7,-1,267.8,364.7,398.7,430,501.4,648.6,738.1,777.1,844.7,"1,056.30"
  Cannock Chase,E07000192,22,500.2,-7.4,533.9,-7.2,x,x,336.6,365.4,448.3,558.8,639.9,678.6,x,x
  East Staffordshire,E07000193,23,559.4,3.2,609.3,-5.1,x,353,395.6,416.2,494.7,608,697.6,726.4,x,x
  Lichfield,E07000194,19,722.4,4.8,804.1,6.7,x,435.4,482.6,510.9,642.9,790,908.8,x,x,x
  Newcastle-under-Lyme,E07000195,26,531.4,3.8,590.2,10.2,306.5,381.1,405.1,444.7,499.9,614,689.8,723,774.6,x
  South Staffordshire,E07000196,22,686.4,2.9,750.2,-2,334.8,456,485.3,530.4,605.3,755.7,801.9,860.2,x,x
  Stafford,E07000197,27,554.2,-9.6,639.6,-6.2,202.5,353.7,385,399.3,490.1,613.4,727.4,817.6,x,x
  Staffordshire Moorlands,E07000198,21,540.8,-1.9,617.9,-3,x,325.7,353.9,376.8,473.6,617,698.1,769.6,x,x
  Tamworth,E07000199,16,497.3,-4.9,589.6,1.5,x,386,398.3,413.5,462,564.3,634,x,x,x
Warwickshire,E10000031,114,592.4,-1.1,704,-2.4,279.1,369.4,407.2,443.9,516.4,706.4,817.4,904.3,981.2,x
  North Warwickshire,E07000218,11,632.7,-6.5,667.8,-12.5,x,x,x,506,577.2,690.1,796.9,x,x,x
  Nuneaton and Bedworth,E07000219,25,512.3,-4.1,593.6,4.1,264.7,359.3,397.4,420,467.7,581.4,684.5,x,x,x
  Rugby,E07000220,21,617.2,-0.6,677.2,-6.2,280.5,365.6,381.7,415.7,501.2,766.4,821.4,870.4,x,x
  Stratford-on-Avon,E07000221,26,580.3,-5.6,701,-6.2,289.3,400.1,424.7,461.8,529.6,685.9,878.5,938.7,x,x
  Warwick,E07000222,32,679.7,6.7,820.4,2.4,271.9,382.3,412.7,459.9,574.9,806.6,910.4,x,x,x
West Midlands Met County,E11000005,462,528.6,1.5,624.6,3.7,238.6,348.8,374.9,399.6,460,600.5,694.1,766.6,821,"1,045.60"
  Birmingham,E08000025,152,508.7,1.7,606.4,3.9,208.6,327.3,358.7,384.5,438.7,602.9,714.2,778.4,861.7,"1,102.80"
  Coventry,E08000026,59,547.7,0.9,621,-0.5,279.3,353.9,384.6,414.9,462.8,628.2,721.8,775.8,862.4,x
  Dudley,E08000027,66,562.5,2.1,633.7,1.7,292.8,369.3,401.9,437.2,494,628.6,723,774.7,826.4,x
  Sandwell,E08000028,56,480,0.2,515.9,0,218.9,328,356.4,378.5,420,543.9,603.2,647.1,685.1,x
  Solihull,E08000029,38,659.5,-4.3,659.5,,x,405,459.5,511.3,574.3,766.6,915.4,945.8,x,x
  Walsall,E08000030,45,498.2,-2.9,547.9,-3.3,200.6,324.4,355.7,374.6,452.3,560.6,643.1,688.9,781.4,x
  Wolverhampton,E08000031,46,499.6,0.2,564.2,1.3,267.9,364.4,383.2,403.5,445.8,564.2,637.2,682.5,722.7,x
Worcestershire,E10000034,127,517.7,-7.8,621.1,-3.2,224.4,334.2,368.3,393,456.1,596.9,698,756,833.3,x
  Bromsgrove,E07000234,18,602,-13.7,727.8,-6.5,x,367.5,395.8,444.8,519.8,667.1,x,x,x,x
  Malvern Hills,E07000235,12,499.8,14.9,606.4,12.3,x,x,394.2,418.8,453.5,x,x,x,x,x
  Redditch,E07000236,21,447.1,-16.1,508.7,-8.6,x,312.9,344.6,377.4,418.2,506.7,582.6,637.8,744.1,x
  Worcester,E07000237,28,497.8,-10.4,622,3.1,x,342.6,362.6,373.4,417.9,595.5,718.9,x,x,x
  Wychavon,E07000238,28,521.3,-10.2,621.8,-11.3,x,289,321.9,373.9,479.1,599.2,662.2,710.7,x,x
  Wyre Forest,E07000239,21,560.2,1.3,647,4.6,289.5,371.2,387.3,406.4,484.4,620,740.4,x,x,x
East ,E12000006,"1,223",587,-3.4,721.4,-0.7,253.7,371.9,408.4,445.1,519.2,689.2,804.9,876.8,964.2,"1,280.50"
Luton ,E06000032,32,564.2,4.9,642.3,4.3,208.6,315.9,347.1,377.4,466.6,625.9,719.5,748.7,x,x
Peterborough ,E06000031,40,536.4,6,586.9,-1.4,225.7,341.6,375.9,401.2,458.2,588.7,703.3,741.3,820,x
Southend-on-Sea ,E06000033,31,583.2,0.6,739.5,1.7,269.8,338.9,382,447.4,509.7,689.1,876.3,961.5,x,x
Thurrock ,E06000034,29,613.7,-5.5,670.6,-7.3,x,371.3,388.7,423.2,527.3,695.6,809.6,850.8,x,x
Bedford ,E06000055,40,648.9,12.9,748.4,8.9,307.7,429.2,455.4,490.2,574.9,707,806.9,918,"1,013.30",x
Central Bedfordshire ,E06000056,59,671.6,1.2,737.8,-1.9,261.8,398.4,474.8,503,576.4,768.9,885,936,974.9,x
Cambridgeshire,E10000003,163,621.5,-3.1,744.5,-3.1,280.1,386.4,428.5,477.9,549.8,725,819.5,915.4,"1,005.40",x
  Cambridge,E07000008,32,670.3,6.2,778.9,4,x,372.2,388.1,477.2,575.5,726.5,818.9,938.2,x,x
  East Cambridgeshire,E07000009,23,578.3,-3.4,724.6,-7.8,237.7,339.4,400,429.8,506.3,684.4,827.2,x,x,x
  Fenland,E07000010,20,555.2,10.1,589,-1.1,295.6,363.5,400.6,427.3,502.3,602.2,664.2,704.8,x,x
  Huntingdonshire,E07000011,46,601.1,-0.5,726.6,4.7,337.9,410,437.3,478.6,534.7,670.4,793,864.4,998.5,x
  South Cambridgeshire,E07000012,43,734.9,-7.6,819.6,-13.4,x,410,494.3,526.6,619.3,781.6,923.2,990.9,x,x
Essex,E10000012,282,586.4,-5.6,743.5,-2.5,225.6,355.9,402,440.9,516.9,684.8,818,904.8,"1,008.90","1,341.30"
  Basildon,E07000066,37,587.8,0.2,676.4,-3.9,x,372.1,414.4,459.8,539.5,652.7,778.2,858.4,908.8,x
  Braintree,E07000067,32,571.3,-10.3,672.8,-9.3,x,357.9,414.8,440.8,505.4,676.5,818.2,894.2,x,x
  Brentwood,E07000068,16,x,,629.4,,x,461.1,478.1,537.8,629.4,x,x,x,x,x
  Castle Point,E07000069,13,x,,803.1,9.2,x,353.3,373.5,414.1,537.2,x,x,x,x,x
  Chelmsford,E07000070,31,596.7,-11,762.3,-3,x,341.2,384.7,444.8,519.6,766.6,953.5,"1,045.40",x,x
  Colchester,E07000071,40,568.8,-1.5,693.7,-4.6,x,290.2,352.3,385.3,469.9,666,779.3,809.6,882.1,x
  Epping Forest,E07000072,24,669.1,0.6,804,2.4,x,361.4,408,448.3,533.5,775.8,x,x,x,x
  Harlow,E07000073,16,531.6,0.1,624.6,-0.6,310.3,378.3,395.3,429,486.8,620.1,707.2,x,x,x
  Maldon,E07000074,13,583,-13.2,762,-17.3,x,385.9,438,474.3,525.2,715.8,x,x,x,x
  Rochford,E07000075,16,581.9,-14.8,681.4,-12.8,x,x,x,393.5,488.7,680.9,x,x,x,x
  Tendring,E07000076,25,503,-1.7,562.9,-8.8,x,272.2,301.1,363.6,434.9,569.1,633.6,676.4,x,x
  Uttlesford,E07000077,19,704.4,2.8,833.2,-3.4,319.2,440.8,475.3,498.2,556.7,828.3,x,x,x,x
Hertfordshire,E10000015,223,663.9,-1,821.9,-0.7,275.8,409.1,460,501.9,574.9,776.3,916.3,"1,013.10","1,149.90","1,511.70"
  Broxbourne,E07000095,14,771.6,24.3,818.9,8.9,x,423,503.4,570.4,637.1,853.3,948.6,x,x,x
  Dacorum,E07000096,28,593.4,-7.8,746.9,-2.3,x,394.1,416.6,498.3,568.6,766.6,865.1,x,x,x
  East Hertfordshire,E07000242,30,704.6,-11.3,967.8,-9.2,x,450.9,489.9,527,612.3,911,"1,123.30","1,170.50",x,x
  Hertsmere,E07000098,16,624.7,-2.4,729.8,-9.9,x,421.1,461,490.8,529.7,696,x,x,x,x
  North Hertfordshire,E07000099,28,676,-0.5,772.7,0.4,292,393.7,473.8,526.4,579.6,762.7,845.8,877.5,x,x
  St Albans,E07000240,30,871.9,9.4,"1,071.10",7.4,265.5,471.8,526.1,559.7,694.9,"1,036.70","1,272.80",x,x,x
  Stevenage,E07000243,17,625.9,12.8,701.7,12.7,x,363.2,402.3,448.3,575.5,690.4,781.1,x,x,x
  Three Rivers,E07000102,24,562.6,-15.8,785.6,-6.7,x,328,419.9,432.1,514.2,695.7,x,x,x,x
  Watford,E07000103,20,592.2,-7.7,694.9,-3,304.7,426.7,461.8,514.8,572.9,687.1,802.2,x,x,x
  Welwyn Hatfield,E07000241,17,546,-12.5,748.3,1.9,x,387.1,427.6,445.8,494.2,x,x,x,x,x
Norfolk,E10000020,166,523.1,-1.5,619.6,3,262.2,348.9,379.3,407,457.9,588.8,689.9,767.4,819.9,"1,020.50"
  Breckland,E07000143,23,530.4,2,590.6,2.1,288.6,375.9,403,427,494.3,594.8,689,769.9,784,x
  Broadland,E07000144,23,550,-2.1,638.2,5.2,x,377,399.4,434,496.6,667.1,773,799.4,x,x
  Great Yarmouth,E07000145,20,445.4,-7.3,601,8.4,216.6,292.5,313.7,339.5,387.2,555.4,x,x,x,x
  King's Lynn and West Norfolk,E07000146,29,559.1,-3.3,688.9,11.8,297.3,360,374.3,413.3,487.9,611,733.4,768.3,x,x
  North Norfolk,E07000147,16,453.9,-8.2,531.7,-1.2,x,348.7,363.3,382.7,422.5,512.8,582.8,612.2,x,x
  Norwich,E07000148,27,473.1,2.6,573.3,2,x,340.5,356.7,382.2,429.2,533.2,609.7,716.7,806.5,x
  South Norfolk,E07000149,28,580.1,-4.7,664.6,-6,x,402.8,417.9,434,518.1,632.6,774.1,849.4,x,x
Suffolk,E10000029,158,543.7,-3.7,665.6,-0.1,259.6,369.7,392.1,419.9,477.7,636.4,754.3,805.1,865.5,x
  Babergh,E07000200,19,504.8,-16.1,742.8,-1.5,x,316.1,353.8,374.6,415.7,584.7,x,x,x,x
  Ipswich,E07000202,34,495.6,-9.6,593.4,-0.2,235.2,366.7,401.2,417,454,579.9,665.8,739.5,806.7,x
  Mid Suffolk,E07000203,23,503.6,-9.6,578.9,-7.4,x,369.1,383.3,401.7,457.1,576.6,652.4,739.9,x,x
  East Suffolk,E07000244,48,607.7,5.7,672,-0.1,278.8,368.5,402.7,439.8,527,691,785.9,834.4,880.8,x
  West Suffolk,E07000245,33,556.8,-0.6,745.3,4.1,279.5,392.8,416.1,443.6,490.6,670.8,832.5,868,x,x
London ,E12000007,"1,568",672.3,0.2,855.3,1.6,232.1,391.1,440.7,488.2,574.9,789.4,948.7,"1,045.30","1,161.70","1,573.10"
Inner London,E13000001,633,709.1,1.6,917.1,1.3,230.6,398.1,447.2,502.9,594.1,820.9,970.7,"1,073.20","1,212.20","1,724.90"
  Camden,E09000007,32,718.4,4.7,962.7,-2.4,x,x,434.7,506.4,623.9,770.7,x,x,x,x
  City of London,E09000001,x,x,,855.3,,x,x,x,x,x,x,x,x,x,x
  Hackney,E09000012,50,628.6,-1.4,775.4,2.6,149.2,305.7,399.3,430.1,527.6,737.5,903.5,975.1,"1,075.90",x
  Hammersmith and Fulham,E09000013,42,803.7,1,"1,032.90",-2.3,361.2,512.4,567,584.5,709.1,876.6,999.3,x,x,x
  Haringey,E09000014,51,637.7,3.8,763.2,-2,175.6,341.1,392.7,455.7,526.8,733.1,866,907.8,x,x
  Islington,E09000019,42,815.6,5.6,866.5,-11,x,438.7,498.6,557.7,644.5,901.3,"1,015.60","1,144.10",x,x
  Kensington and Chelsea,E09000020,23,x,,"1,523.80",-11.3,x,434.1,509.1,552.7,666,x,x,x,x,x
  Lambeth,E09000022,67,720.5,4.4,882.3,6.8,242.4,435.4,493.2,542.8,634.8,860.5,"1,056.40","1,126.60","1,226.30",x
  Lewisham,E09000023,48,615.7,-0.4,943.4,24.9,238.8,364.6,412.1,466.9,563.8,730.5,963,"1,028.90",x,x
  Newham,E09000025,56,561.2,-4.2,633.4,-2.3,215.9,312.7,363.1,410.4,474.8,659.5,763.1,813.3,905.3,x
  Southwark,E09000028,64,724.4,6.5,924.6,5.3,246.9,423.9,466.1,539,631.4,870.9,"1,046.40","1,154.20","1,327.30",x
  Tower Hamlets,E09000030,63,774.6,2.9,981.3,4.2,213.7,397.3,446,503.9,601.6,874.8,"1,047.50","1,162.90",x,x
  Wandsworth,E09000032,61,766.1,-0.8,982.7,-2.6,337.5,441.1,496.2,564.8,645.4,914.8,"1,084.30","1,187.10",x,x
  Westminster,E09000033,34,718.8,-12.9,"1,060.60",1.7,262.6,381.3,479.1,520.2,624.8,871.6,x,x,x,x
Outer London,E13000002,935,648.8,-0.2,812,2,233.3,385.4,431.6,478.2,568.3,766.8,911.9,"1,011.60","1,136.50","1,495.30"
  Barking and Dagenham,E09000002,26,572.7,1.3,593.6,1.5,178,324.7,377.5,411,505,638.8,726,805.1,857,x
  Barnet,E09000003,63,577.1,-6.4,819.2,0.7,234.3,373.8,430.6,455.7,525,711.5,895.5,"1,054.50",x,x
  Bexley,E09000004,45,685.2,3.7,793,0.4,205,337.4,408.8,459,528.3,797.7,872.4,956.6,x,x
  Brent,E09000005,54,631.4,9.9,745.1,10.3,192.7,339.7,385.3,425.1,531.1,749.3,877.9,943,"1,046.80",x
  Bromley,E09000006,61,793.8,1.8,973.4,3.6,322.7,460,520,574.9,652,913.3,"1,051.20","1,134.40",x,x
  Croydon,E09000008,69,663.3,4.8,794.3,9.4,239.6,348.6,402.8,460.4,553.4,739.2,881.7,989.6,"1,105.30",x
  Ealing,E09000009,68,595.9,-0.3,787.8,7.1,256,379.2,413.8,459.3,534.5,680.3,838.8,934,x,x
  Enfield,E09000010,49,524.6,-8.5,671.7,-3.4,157.3,244,306.9,396.7,459.9,632.4,766.6,877.2,x,x
  Greenwich,E09000011,44,656.3,0.7,811.9,1.8,x,421,458.9,496.6,584.1,750.1,882.1,"1,007.20",x,x
  Harrow,E09000015,48,687.3,-1.1,818.8,0.6,208.6,333,406,454.1,544,785.8,965.7,"1,103.80",x,x
  Havering,E09000016,45,678.4,2.5,791.4,-1.3,350.9,472.3,512.8,553.2,579.8,765.8,976.3,"1,047.20","1,120.30",x
  Hillingdon,E09000017,55,640.7,8.1,715.4,6.7,236.8,374.6,406.3,452.3,524.9,757.3,869.7,910.3,"1,003.50",x
  Hounslow,E09000018,50,574.9,-12.6,730.9,-4.1,223.2,368.6,422.4,455.9,506.3,654.2,800.6,948.3,x,x
  Kingston upon Thames,E09000021,37,766.5,-3.1,988,-0.2,349.7,480.9,544.9,574.9,628.3,874.9,"1,035.90",x,x,x
  Merton,E09000024,40,617.4,-2,892.1,8.4,272.5,400.4,455.2,517.5,545.8,788.1,x,x,x,x
  Redbridge,E09000026,46,763.3,16.5,827.3,2,243.4,396.3,441.9,517.5,615.9,855.9,952.7,"1,116.70","1,183.90",x
  Richmond upon Thames,E09000027,41,881.9,-0.2,"1,229.90",-9.6,x,512.6,605.7,638.7,721,"1,052.20",x,x,x,x
  Sutton,E09000029,42,574.9,-11.7,646,-15,x,393.1,440.8,477.4,527.6,669.5,739.8,791.8,x,x
  Waltham Forest,E09000031,51,686.3,5.5,787.2,7,233.8,411.6,440.3,498.4,609,792.3,929.9,"1,043.50","1,154.80",x
South East ,E12000008,"1,975",621.4,-2,753,-2.2,252,382.2,421.6,462.6,539.5,724.1,851.5,924.9,"1,032.20","1,372.40"
Bracknell Forest ,E06000036,33,774.7,11.2,835.4,2,341.7,466.7,498.5,541.5,656.9,861.8,984.8,"1,071.60",x,x
Brighton and Hove ,E06000043,61,601.5,4.6,709.4,4.2,258.3,376.1,402.5,435.6,509.3,693,773.5,866,x,x
Isle of Wight ,E06000046,21,543.5,10.5,589.6,3.2,231.1,315.4,367.5,382.2,478.2,579.6,667.9,x,x,x
Medway ,E06000035,63,602.6,-1.7,702.6,1.9,308,394.7,442.1,476.1,542.9,677.2,775.4,869.1,943.8,x
Milton Keynes ,E06000042,61,624.6,-1.7,723.2,-0.6,301.4,392.5,429.9,463.4,519.8,705.1,847.8,941.6,"1,028.40",x
Portsmouth ,E06000044,37,552.4,6.5,580.7,4.7,233.3,330.2,367.7,398.7,468.1,606.8,726.4,758.8,805.9,x
Reading ,E06000038,43,606.4,1.6,697.5,-2.4,237.2,367.9,395.3,421.5,488.8,699,816.7,893.7,"1,016.30",x
Slough ,E06000039,36,629.4,-4.1,681.3,-6.5,x,381.3,415.1,477.3,552.4,689.4,853,906.4,964.7,x
Southampton ,E06000045,63,562.1,1.5,615.7,2.5,243.4,354.5,404.6,432.5,482.3,622.1,703,762.1,834,x
West Berkshire ,E06000037,37,620.8,-15,787.8,-7.6,283.9,383.9,429.9,464,561.6,757.4,869.1,x,x,x
Windsor and Maidenhead ,E06000040,30,840.2,0.1,"1,009.50",5.7,x,419.6,468.1,540.6,705.9,949.5,"1,246.20",x,x,x
Wokingham ,E06000041,45,696.7,-13.1,880,-6.6,257.3,402.2,469.1,492.1,577.6,846.6,"1,082.90","1,194.10",x,x
Buckinghamshire,E06000060,108,613.1,-5.9,848.4,-7.2,198.9,384.9,425,461.9,531.4,719.7,882.9,"1,057.50","1,203.40",x
East Sussex,E10000011,97,549.7,0.7,662,0.7,205.9,324.5,373.7,401.7,466.6,661.3,748,816.4,900.8,x
  Eastbourne,E07000061,18,542.4,1.1,647.1,7.8,281,374.8,397.6,419.5,473.1,614.2,714,x,x,x
  Hastings,E07000062,17,447.7,-6.9,501,-2.1,x,289,314.5,333.6,391.1,527.7,595.9,666.1,x,x
  Lewes,E07000063,17,632.3,-3,710.6,0.2,x,375,412.9,437.4,548.7,694.4,x,x,x,x
  Rother,E07000064,15,512.5,-0.5,685.1,-9.4,x,x,x,x,424.8,x,x,x,x,x
  Wealden,E07000065,29,612.5,1.9,726.3,1.9,x,358.8,392.6,409.3,507.9,716.2,847.1,x,x,x
Hampshire,E10000014,331,630.2,-3.7,745.4,-3.6,277.7,402.4,455.6,485.1,563.8,741.3,846.9,900.9,"1,003.30","1,368.40"
  Basingstoke and Deane,E07000084,43,691.3,1.9,790.9,4.9,283.7,414,448.6,470.9,574.9,801.3,874.1,928.7,"1,111.30",x
  East Hampshire,E07000085,26,579.2,-5.5,714.5,-15.8,x,343.9,381.4,398.6,485.9,x,x,x,x,x
  Eastleigh,E07000086,39,653.8,2.2,734.6,1.8,294.2,402.1,478.1,505.4,570.3,789.1,875,922.8,"1,014.80",x
  Fareham,E07000087,28,697,2.5,789.7,-3.6,345,449.8,495.2,528.8,598.7,769.1,849.1,x,x,x
  Gosport,E07000088,18,565.9,-5.5,627.7,-9.9,x,374.7,457.4,475.2,528.1,616.6,708.2,x,x,x
  Hart,E07000089,22,799.3,12.7,878.9,0.1,x,479.6,507.6,572.8,668.3,871.9,x,x,x,x
  Havant,E07000090,28,582.7,-3.7,653.5,-4.1,x,364.1,378,446.1,518.7,627.6,804.4,847.3,x,x
  New Forest,E07000091,40,605.9,-10.3,733.8,-3.9,x,378.7,449.2,470.3,544,686.1,842.8,891.2,x,x
  Rushmoor,E07000092,23,659.8,-0.1,711.3,-4.8,x,396.6,421.6,458.2,566,734.7,777.1,823,x,x
  Test Valley,E07000093,34,626.1,1,724.7,-2.3,x,393.2,448.9,470.7,545.1,720.8,838.6,921.3,x,x
  Winchester,E07000094,31,638.7,-6.9,800.8,-7.7,x,463.6,493.6,517.2,574,706.6,x,x,x,x
Kent,E10000016,305,606.7,-2,727.2,-2.5,245.2,363,401.7,451.3,533.9,702.5,828.8,915.6,"1,004.50","1,303.30"
  Ashford,E07000105,27,596.5,-11.5,696.1,-9.4,281.4,368.3,382.8,438.3,498.7,670.8,737.3,x,x,x
  Canterbury,E07000106,29,569.3,-9.8,679.8,-7.7,206.1,332.8,359.4,421.3,482.7,681.4,834.9,903.7,x,x
  Dartford,E07000107,23,671.9,-1.4,707.4,-6.1,x,412.6,470.9,555.8,600.1,743.2,827.8,x,x,x
  Dover,E07000108,21,552.7,7.2,699.1,10,x,368.2,396,452.2,494.5,717.1,915.1,954.9,x,x
  Gravesham,E07000109,20,592.6,-9.8,693.8,-8.6,265.6,353.6,387.6,479.1,532.4,722.7,787.5,x,x,x
  Maidstone,E07000110,33,630.4,9.4,742.4,6.9,293.8,390.3,427.1,478.1,559.9,719.7,820.1,915.8,x,x
  Sevenoaks,E07000111,21,661.1,-10.1,860.8,-16.3,x,346,369.3,451.4,555.1,755,x,x,x,x
  Folkestone and Hythe,E07000112,20,574.9,2.6,592.1,-7.1,x,359.6,390.7,402,492.8,617.1,780.7,814.5,x,x
  Swale,E07000113,33,568,-0.7,649.2,1.8,283.2,355.1,376.1,406.8,495,648.1,755.5,794.5,x,x
  Thanet,E07000114,23,517.1,4.8,583.3,0.4,x,305,340,373.5,426.4,581.4,678.7,x,x,x
  Tonbridge and Malling,E07000115,29,691.3,-3.8,884.7,-0.4,306.5,433.1,525.4,540.4,604.4,853.3,"1,115.50","1,200.20",x,x
  Tunbridge Wells,E07000116,26,670.2,10.3,910.8,11.5,189.2,x,411.8,436.3,564,891.3,x,x,x,x
Oxfordshire,E10000025,171,635.8,-2.3,745.8,1.6,270.2,383.5,431,469.5,560.4,741.9,824.1,896.9,"1,007.30",x
  Cherwell,E07000177,37,606.3,-2.6,717.4,1.7,270.2,377.8,404,433.8,536.6,691.3,812.1,858.3,x,x
  Oxford,E07000178,39,598.8,7.3,672.2,8,x,362.3,389.3,437,501.9,688.9,766.6,773.4,x,x
  South Oxfordshire,E07000179,31,698.9,-1.9,825.4,-3.9,x,440.1,490.5,537.2,574.9,766.3,847.3,x,x,x
  Vale of White Horse,E07000180,36,709,3.8,834.3,2.9,349.3,453.6,496,517.8,577.7,870.3,"1,046.20","1,087.10",x,x
  West Oxfordshire,E07000181,28,586.8,-11.9,682.6,-2.3,225.7,342.2,370.5,407.3,507.9,699.5,808,x,x,x
Surrey,E10000030,243,703,-4.8,892.4,-3.5,261.1,406.9,460,504.7,591.2,835.9,979.9,"1,087.20","1,225.70","1,747.10"
  Elmbridge,E07000207,29,703.4,-14.8,"1,125.90",3.3,x,460,488.8,511.1,574.9,x,x,x,x,x
  Epsom and Ewell,E07000208,14,674.9,-20.4,829.9,-22.5,x,x,x,x,574.9,x,x,x,x,x
  Guildford,E07000209,35,784.6,5.2,912.2,-4.8,x,391.3,438.9,509.1,575,848.3,"1,054.80",x,x,x
  Mole Valley,E07000210,14,x,,855.1,-2.7,x,363.1,386.9,410.6,x,x,x,x,x,x
  Reigate and Banstead,E07000211,26,790.2,8.5,830.2,-5,x,446.3,515.1,549.3,650.9,829.5,911.5,"1,013.60",x,x
  Runnymede,E07000212,15,679.4,-5,837.4,-12.1,341.5,400.7,453.7,495.4,539.1,x,x,x,x,x
  Spelthorne,E07000213,21,694.5,3.7,780.7,1.8,x,426,460.9,528.7,607,751.2,840.5,x,x,x
  Surrey Heath,E07000214,20,730.2,0.8,836.7,-5.1,x,x,478.1,555.8,635.2,841.3,914.4,x,x,x
  Tandridge,E07000215,17,656.7,2.3,742.1,-11.7,x,x,434.3,494.7,561.8,780.4,880.9,x,x,x
  Waverley,E07000216,30,794.5,6.7,"1,004.50",4.7,302.2,364.3,413.4,481.7,621.6,899.7,x,x,x,x
  Woking,E07000217,23,638.8,-4.1,850.6,3.5,x,395.4,456.2,509,591.3,778.7,x,x,x,x
West Sussex,E10000032,187,574.8,-1.2,695.5,-3.6,230.5,357.5,398.6,437.4,498.2,655.7,792.3,861.1,966.7,"1,275.30"
  Adur,E07000223,11,500.6,-7.3,631.3,-9.5,x,x,x,414.6,465.8,x,x,x,x,x
  Arun,E07000224,28,493,-10.6,669.9,6.4,x,321,352.9,383.1,429.3,619.4,748.8,x,x,x
  Chichester,E07000225,26,496.8,-18.5,602.7,-19.2,x,308.1,356.1,385.7,438.5,548.9,688.3,x,x,x
  Crawley,E07000226,27,575.6,-0.6,688.4,1,256.2,399.5,444,467.1,548.2,632.4,820.9,855.4,x,x
  Horsham,E07000227,34,638,4.3,747.2,-5.2,x,356.7,399.7,437.2,542.8,760.1,892.4,x,x,x
  Mid Sussex,E07000228,36,604.4,-5.1,783.7,-0.2,x,400,442.8,479,536.6,749,844.9,988.9,x,x
  Worthing,E07000229,24,577.3,7.3,657.7,-6,x,397.5,451.6,466.9,514.6,616.8,x,x,x,x
South West ,E12000009,"1,112",532.5,-3,617.8,-2.1,206.1,336.8,368,397.1,464.4,603.7,711.6,769.9,843.1,"1,082.10"
Bath and North East Somerset ,E06000022,35,544.6,-5.3,679.8,-1.7,x,320.6,369,392.8,465.8,654.9,754.7,835.2,x,x
"Bournemouth, Christchurch and Poole",E06000058,79,529,-7.7,648.8,-2,229.6,352.4,378.6,405,460,604.3,717.9,773.3,826.5,x
"Bristol, City of ",E06000023,97,580.2,1.4,649.9,-0.7,208,347.2,392.9,441.6,516.3,662.5,748.1,807,879.3,x
Dorset,E06000059,73,502.1,-9.3,578.2,-6.9,167.3,307.2,354.7,386.8,437.2,574.9,670.1,723.8,838.5,x
North Somerset ,E06000024,46,647.7,10.2,765.5,11.2,293.5,409.1,445.2,483.4,579.5,765.4,903.1,997.5,"1,082.20",x
Plymouth ,E06000026,45,499.9,2,537.6,-7.3,242.6,337.7,360.2,383.6,438,560.9,617.7,673.1,732.7,x
South Gloucestershire ,E06000025,68,590.1,2.6,654.1,2.5,x,354.8,389.7,428,504.2,670.3,766.5,811.5,909.7,x
Swindon ,E06000030,61,610.1,2.1,719.9,3.9,259.4,382.6,441.5,490,540.7,720.6,865,956.5,"1,030.00",x
Torbay ,E06000027,24,438.4,-4,489.8,-6.4,x,290.2,340.6,361.4,386.5,466.9,539.4,582.4,x,x
Cornwall ,E06000052,93,454.6,-5.5,509.7,-3.3,193.9,288,322.9,351.8,395,528.5,601.8,649.5,690.9,x
Isles of Scilly ,E06000053,x,x,,680.9,,x,x,x,x,x,x,x,x,x,x
Devon,E10000008,147,480.2,-3.8,559.8,-2.9,173,293,333.2,360.6,421,552.8,626.1,679.5,758.8,x
  East Devon,E07000040,21,499.2,-11.3,562.9,-11.2,x,273,319.5,350.2,419.6,584.4,641,701.3,x,x
  Exeter,E07000041,29,521.1,1,550.2,-8.2,x,300.3,341.1,357.3,428.1,594,736.1,766.6,797.1,x
  Mid Devon,E07000042,18,491.9,-6.2,541,-8,x,317.7,349,382.9,435.1,572,620.6,x,x,x
  North Devon,E07000043,16,429.2,-9.8,573.6,7.5,x,x,x,321.8,380.2,477.4,542.7,x,x,x
  South Hams,E07000044,12,556.2,19.2,555.2,3.9,x,296.9,362.1,397.4,473.4,624.6,685.7,716.5,x,x
  Teignbridge,E07000045,26,462.3,-2.7,531.5,-1.2,x,289.8,302,360.3,409.4,517.9,574.9,x,x,x
  Torridge,E07000046,13,462,-4,614.9,2.6,x,296.4,359.5,369.2,416,544.8,x,x,x,x
  West Devon,E07000047,12,471.9,-5.3,592.1,4.8,x,295.6,340.7,350.9,430.2,499.3,x,x,x,x
Gloucestershire,E10000013,128,552.8,-3.9,642.5,-4.5,221.7,338.8,373.6,402.5,479.7,644.9,757.3,818.2,910.4,x
  Cheltenham,E07000078,28,591.2,-4.6,667.9,-14.5,222.3,333.3,376.1,403.8,487.4,717.9,777.2,865.1,x,x
  Cotswold,E07000079,21,574.9,-6.9,692.2,-6.6,x,355.1,391.9,432.9,518.4,632.7,763,x,x,x
  Forest of Dean,E07000080,16,510.1,-6.9,627.6,-9.7,x,353.4,373.9,395,435.7,570.4,724.7,x,x,x
  Gloucester,E07000081,25,519.6,-6.8,584.2,-2.7,x,349,373.2,394.7,459.9,589.3,694.6,730.1,x,x
  Stroud,E07000082,21,513.5,-1.9,624.3,3.6,x,254,325.5,373.7,441.6,629.4,753.5,793.8,x,x
  Tewkesbury,E07000083,18,608.4,-2.6,656.8,2.4,239.4,349,367.9,433.8,541.3,713.4,801.4,872.8,x,x
Somerset,E10000027,110,513.9,-6.9,581.4,-6,214,349.3,373.4,397.4,460,574.9,666.7,718,809.1,x
  Mendip,E07000187,20,525,-9.7,631,-7.1,x,348.8,362.7,386.6,459.1,621.3,687.1,x,x,x
  Sedgemoor,E07000188,22,531.4,-10.9,573.9,-14.6,x,330,365.2,409,476.3,571.6,632,711.5,x,x
  South Somerset,E07000189,36,494.4,-8.3,559.2,-4.2,x,366.6,382.7,396.7,455,549.8,657,708.1,789,x
  Somerset West and Taunton,E07000246,32,524.4,0.8,581.5,1.5,x,325.9,360.4,396.3,460.1,576.5,646.7,697.8,x,x
Wiltshire ,E06000054,105,555.2,-3.7,670.2,-3.5,220.2,349.7,382.1,414.9,485.8,651.3,761,807.4,863.1,x
Wales  ,W92000004,546,520.7,-0.8,583.8,-2.7,243.1,341.3,367.4,394,456.8,589,687.2,732.5,793.9,973.1
Isle of Anglesey / Ynys Môn,W06000001,11,471.6,-2.5,526.8,-11.5,x,355.3,382.6,393,414.6,531.9,597,x,x,x
Gwynedd / Gwynedd,W06000002,17,462.2,1,552.4,3,x,305.4,313.4,336,403.2,522.4,650.8,x,x,x
Conwy / Conwy,W06000003,20,433.8,-2.7,546.7,9.5,x,270.9,325.9,355.9,398,606.5,714.2,x,x,x
Denbighshire / Sir Ddinbych,W06000004,15,488.8,6.8,513.1,-2.4,x,x,x,358.3,427.8,542.7,x,x,x,x
Flintshire / Sir y Fflint,W06000005,34,565.3,6.4,656.5,7,280.2,330.5,344.4,371.6,448.5,647.4,706.9,757,862.3,x
Wrexham / Wrecsam,W06000006,30,538.2,-6.6,612.9,-2.8,279.5,359.8,382.7,422.3,488.1,586.6,683.7,728.1,769.4,x
Powys / Powys,W06000023,19,484.9,-3.3,551.4,-0.6,x,355.5,367.3,383.7,442.6,551.2,689.9,725.6,x,x
Ceredigion / Ceredigion,W06000008,13,441.7,-12.4,556.8,-3.3,x,340.6,346.9,380.3,413.4,511.7,x,x,x,x
Pembrokeshire / Sir Benfro,W06000009,21,466.8,-2.6,567.7,-1.4,x,279.4,321.9,348.3,411,528.4,618,x,x,x
Carmarthenshire / Sir Gaerfyrddin,W06000010,27,498.6,1.4,567.3,-1.8,x,316.7,360,399,468.6,565.9,666.7,697.5,x,x
Swansea / Abertawe,W06000011,41,502,-1,538.3,-4.8,261.1,336.3,361.5,382.5,425.1,548,612.6,646.2,710.6,x
Neath Port Talbot / Castell-nedd Port Talbot,W06000012,29,507.6,-2.6,566.7,-3,288.7,350.8,379.1,405.7,459.9,606.6,685.7,729.2,786.9,x
Bridgend / Pen-y-bont ar Ogwr,W06000013,27,527.2,-1.4,548.7,-8.5,x,333.8,350.5,374.6,456.8,606.8,697.9,733.6,823.6,x
Vale of Glamorgan / Bro Morgannwg,W06000014,21,537,-4.7,652.5,-10.5,x,367.7,374.7,390.6,469.1,689.2,800.2,x,x,x
Cardiff / Caerdydd,W06000015,61,509.3,-8.5,568.8,-7.4,225.3,344.6,366.3,400.6,454,576.8,652.1,701.5,732.8,x
Rhondda Cynon Taf / Rhondda Cynon Taf,W06000016,42,510.6,-1.9,597.5,-2,270.5,362.9,373.6,393.3,445.8,591.7,695.6,765,809.8,x
Merthyr Tydfil / Merthyr Tudful,W06000024,10,552.2,-0.4,611.6,-1.6,x,327.8,355.5,452.3,501.7,574.9,683.6,x,x,x
Caerphilly / Caerffili,W06000018,35,542.9,-0.5,600.7,-1.1,240.6,347.7,375.4,399.8,475.8,623.8,706.1,752.3,782.6,x
Blaenau Gwent / Blaenau Gwent,W06000019,11,479.9,5.1,522.6,9,x,336.1,378.7,400.3,418.8,539,609.1,x,x,x
Torfaen / Torfaen,W06000020,18,544.7,1.8,606.6,-3.5,316.3,385.7,401,412.3,463.1,628.6,715.8,736.5,x,x
Monmouthshire / Sir Fynwy,W06000021,18,600.5,-8,678.2,-9.5,x,x,374.7,445,551.3,673.9,x,x,x,x
Newport / Casnewydd,W06000022,27,574.9,2.4,629.7,1.6,296.8,376.8,417.4,449.5,507.8,635.1,745.7,799.6,866.4,x
Scotland ,S92000003,988,574.9,0.9,655.2,0.3,245.5,361.4,393.8,424.6,498,655.4,758.8,810.4,876.8,"1,119.30"
Aberdeen City,S12000033,36,574.9,-5.2,732,-0.8,256.6,358.9,394.3,434.9,498.9,642,798.5,862.5,x,x
Aberdeenshire,S12000034,42,575,-3.1,691.8,-2.7,x,380.9,407.6,440.7,503.7,660.1,791.2,865.4,x,x
Angus,S12000041,22,498.3,-2.2,589.3,4.3,x,335.9,374.3,387.8,422.1,612.4,740.2,802.6,x,x
Argyll and Bute,S12000035,15,573.3,17.7,567.9,5,x,354.3,374,394.8,481.4,617.4,652.5,702,x,x
Clackmannanshire,S12000005,11,580.1,-11.1,662.6,-2.3,x,424.7,446.2,468.3,515.6,701.6,769.3,x,x,x
Dumfries and Galloway,S12000006,20,494.2,9.4,576,0.8,307.6,369.6,384.8,395.8,430.9,569.5,658.4,683.1,x,x
Dundee City,S12000042,24,545.9,3.9,597.8,4,308.2,392.9,402.3,416.8,498.3,613.7,670.3,684.7,x,x
East Ayrshire,S12000008,24,583.5,-0.6,610.9,1.1,x,356.3,373.2,401.3,495.7,651,725.9,775.5,x,x
East Dunbartonshire,S12000045,21,671.1,-0.2,876.2,-0.2,x,446.9,470.3,533.2,578.6,776.2,x,x,x,x
East Lothian,S12000010,24,574.2,0.8,651.9,0.5,x,349.2,372.1,407.1,504.5,651.3,744.3,840.6,x,x
East Renfrewshire,S12000011,19,798.3,-3.7,915.6,-11.3,x,401.7,480.9,503.2,692.9,877.3,x,x,x,x
City of Edinburgh,S12000036,93,631.3,5.9,765,6.6,242.3,392.5,422.7,459.3,547.8,750.7,920.5,"1,025.70","1,095.10",x
Falkirk,S12000014,30,547.9,-0.8,607.2,4.4,x,393.7,444.7,463.8,495.9,603.7,715.6,743.6,782.3,x
Fife,S12000015,67,561.9,2.7,611.1,4.3,266.3,371.1,388.4,424.3,503.9,634.6,695.5,741.3,799.3,x
Glasgow City,S12000049,113,536.3,0.7,620.2,2.6,210.1,328,360.7,392.4,455.4,638.3,737.4,799.3,861.1,x
Highland,S12000017,46,539.3,-3.8,598.7,-4.9,274.3,373.4,393.6,421.5,470.8,615.7,686.8,752.8,808.8,x
Inverclyde,S12000018,10,529.3,15.2,508.7,-9.8,x,x,x,x,437.4,583.4,630.7,x,x,x
Midlothian,S12000019,22,519.5,-4.6,628.6,3,x,352.4,376.1,400.2,468,643.5,744.5,x,x,x
Moray,S12000020,13,542.1,-3.7,665.9,3.7,x,x,x,421.1,490.7,685.2,x,x,x,x
Na h-Eileanan Siar,S12000013,x,498.8,0.5,533.4,-1.8,x,x,377.7,399.8,419.1,541.8,x,x,x,x
North Ayrshire,S12000021,21,522.9,-1.8,628.3,-0.4,x,339.4,363,393.8,471.8,642.9,729.8,794.6,x,x
North Lanarkshire,S12000050,63,578.5,-1.9,646,2.3,305,378.9,404.4,435.7,504,645.6,743.7,810,868.5,x
Orkney Islands,S12000023,x,545.7,-8.5,629.4,3.4,x,x,x,x,490.5,x,x,x,x,x
Perth and Kinross,S12000024,31,552.6,-2.7,651.9,-0.4,x,320.7,355.9,402.8,478.1,631.9,723.6,805.6,x,x
Renfrewshire,S12000038,32,617,-2.8,636.7,-5.5,x,334.7,383.6,416.4,506.8,683.6,803.9,857.8,914.2,x
Scottish Borders,S12000026,23,527.4,-5.6,544.3,-11.3,x,327.5,347.9,385.1,452.5,588.5,671.5,691.7,772.5,x
Shetland Islands,S12000027,x,x,,564.5,-11.6,x,x,x,x,x,x,x,x,x,x
South Ayrshire,S12000028,20,552.3,-5.1,607.1,-7.8,283.6,346.1,377.9,393.1,481.8,627,767.7,793.7,x,x
South Lanarkshire,S12000029,61,586.6,3.9,658.2,0.7,238.8,356.8,402.7,442.5,515.6,657.6,769.5,808.2,876.7,x
Stirling,S12000030,17,546.9,-13.1,704,-12.4,x,350.4,393.6,405.6,461.8,635.9,x,x,x,x
West Dunbartonshire,S12000039,14,596.7,11.2,653.3,8.2,x,431.7,448.3,474.2,541.7,671.9,752.6,x,x,x
West Lothian,S12000040,34,585.2,1.5,646.6,-2.4,x,370.5,415.2,434.4,509.7,663.6,761.6,796,x,x
Northern Ireland ,N92000002,470,480.2,-3.3,568.8,-1.8,209.3,313.9,348.1,374.7,430.4,572.3,640.5,706.8,766.7,981.9
Not Classified,,108,516.5,-3.6,633.9,-3.4,168.2,304.5,344.6,383.1,452.9,601.3,713.2,794.5,880.1,x